id,observed_on,time_observed_at,user_id,user_login,user_name,created_at,updated_at,quality_grade,license,url,image_url,sound_url,tag_list,description,captive_cultivated,latitude,longitude,positional_accuracy,public_positional_accuracy,geoprivacy,taxon_geoprivacy,coordinates_obscured,scientific_name,common_name,iconic_taxon_name,taxon_id,taxon_kingdom_name,taxon_phylum_name,taxon_class_name,taxon_order_name,taxon_family_name,taxon_genus_name,taxon_species_name,taxon_subspecies_name,threatened,establishment_means
2931940,2017-04-14,2017-04-14 19:25:00 UTC,151043,msmorales,Michael Morales,2017-04-14 07:28:36 UTC,2021-12-26 06:58:04 UTC,research,CC-BY,http://www.inaturalist.org/observations/2931940,https://inaturalist-open-data.s3.amazonaws.com/photos/3359845/medium.jpeg,,,"Spotted on a the wall of a planter, while the sprinkler system was running. Using scale, the snail is approximately 3.3 cm in length (from tail to head). Scale bar in third photo added using ImageJ, using 2.41 cm as the diameter of a U.S. quarter.",FALSE,34.058288,-117.821878,4,4,,,FALSE,Cornu aspersum,Garden Snail,Mollusca,480298,Animalia,Mollusca,Gastropoda,Stylommatophora,Helicidae,Cornu,Cornu aspersum,,,introduced
2934641,2017-04-14,2017-04-14 19:02:36 UTC,10814,smartrf,"Richard Smart (he, him)",2017-04-14 19:03:07 UTC,2018-05-28 02:01:06 UTC,needs_id,CC-BY-NC,http://www.inaturalist.org/observations/2934641,https://inaturalist-open-data.s3.amazonaws.com/photos/3363101/medium.jpg,,,,FALSE,34.0174234053,-118.2892003936,5,5,,,FALSE,Oestroidea,"Bot Flies, Blow Flies, and Allies",Insecta,356157,Animalia,Arthropoda,Insecta,Diptera,,,,,,
2934961,2017-04-14,2017-04-14 19:15:04 UTC,80445,cdegroof,Chris DeGroof,2017-04-14 19:32:30 UTC,2022-11-11 00:40:36 UTC,research,,http://www.inaturalist.org/observations/2934961,https://static.inaturalist.org/photos/3363710/medium.JPG,,,,FALSE,34.1302,-118.8226388889,,,,,FALSE,Arphia ramona,California Orange-winged Grasshopper,Insecta,54247,Animalia,Arthropoda,Insecta,Orthoptera,Acrididae,Arphia,Arphia ramona,,,native
2934980,2017-04-14,2017-04-14 19:18:16 UTC,80445,cdegroof,Chris DeGroof,2017-04-14 19:33:34 UTC,2023-02-19 17:04:58 UTC,research,,http://www.inaturalist.org/observations/2934980,https://static.inaturalist.org/photos/3363731/medium.JPG,,,,FALSE,34.1314305556,-118.8214944444,,,,open,FALSE,Uta stansburiana elegans,Western Side-blotched Lizard,Reptilia,36100,Animalia,Chordata,Reptilia,Squamata,Phrynosomatidae,Uta,Uta stansburiana,Uta stansburiana elegans,,native
2934994,2017-04-14,2017-04-14 19:19:09 UTC,80445,cdegroof,Chris DeGroof,2017-04-14 19:34:26 UTC,2017-04-12 18:05:26 UTC,research,,http://www.inaturalist.org/observations/2934994,https://static.inaturalist.org/photos/3363742/medium.JPG,,,,FALSE,34.1314166667,-118.8214722222,,,,open,FALSE,Sceloporus occidentalis,Western Fence Lizard,Reptilia,36204,Animalia,Chordata,Reptilia,Squamata,Phrynosomatidae,Sceloporus,Sceloporus occidentalis,,,native
2935037,2017-04-14,2017-04-14 19:36:55 UTC,121033,ttempel,,2017-04-14 19:38:11 UTC,2017-04-12 18:05:30 UTC,needs_id,CC-BY-NC,http://www.inaturalist.org/observations/2935037,https://inaturalist-open-data.s3.amazonaws.com/photos/3363810/medium.jpg,,,,FALSE,34.1562055,-117.9781116667,,,,,FALSE,Coelocnemis,,Insecta,69731,Animalia,Arthropoda,Insecta,Coleoptera,Tenebrionidae,Coelocnemis,,,,
2935117,2016-04-15,,76855,bradrumble,,2017-04-14 19:43:13 UTC,2018-01-13 19:55:20 UTC,needs_id,CC-BY-NC,http://www.inaturalist.org/observations/2935117,https://inaturalist-open-data.s3.amazonaws.com/photos/3363901/medium.jpg,,,House Sparrow,FALSE,34.055212,-118.271882,17,17,,open,FALSE,Passer domesticus,House Sparrow,Aves,13858,Animalia,Chordata,Aves,Passeriformes,Passeridae,Passer,Passer domesticus,,,introduced
2935139,2017-04-14,,216108,deedeeflower5,,2017-04-14 19:45:32 UTC,2018-05-31 06:22:12 UTC,casual,,http://www.inaturalist.org/observations/2935139,https://static.inaturalist.org/photos/3363936/medium.JPG,,,,TRUE,33.809553,-118.086917,55,55,,,FALSE,Cyprinus rubrofuscus,Amur Carp,Actinopterygii,187316,Animalia,Chordata,Actinopterygii,Cypriniformes,Cyprinidae,Cyprinus,Cyprinus rubrofuscus,,,introduced
2935176,2017-04-14,,216108,deedeeflower5,,2017-04-14 19:48:11 UTC,2021-06-09 22:46:54 UTC,research,,http://www.inaturalist.org/observations/2935176,https://static.inaturalist.org/photos/3363960/medium.JPG,,,,FALSE,33.809553,-118.086917,55,55,,open,FALSE,Trachemys scripta elegans,Red-eared Slider,Reptilia,51271,Animalia,Chordata,Reptilia,Testudines,Emydidae,Trachemys,Trachemys scripta,Trachemys scripta elegans,,introduced
2935181,2017-04-14,,216108,deedeeflower5,,2017-04-14 19:48:58 UTC,2016-04-21 22:38:15 UTC,research,,http://www.inaturalist.org/observations/2935181,https://static.inaturalist.org/photos/3363967/medium.JPG,,,,FALSE,33.809553,-118.086917,55,55,,,FALSE,Anas platyrhynchos,Mallard,Aves,6930,Animalia,Chordata,Aves,Anseriformes,Anatidae,Anas,Anas platyrhynchos,,,native
2935183,2017-04-14,2017-04-14 19:10:59 UTC,171443,lchroman,,2017-04-14 19:49:33 UTC,2017-04-12 18:05:38 UTC,research,CC-BY-NC,http://www.inaturalist.org/observations/2935183,https://inaturalist-open-data.s3.amazonaws.com/photos/3364859/medium.jpg,,,,FALSE,34.1189611667,-117.9450833333,,,,open,FALSE,Campylorhynchus brunneicapillus,Cactus Wren,Aves,7470,Animalia,Chordata,Aves,Passeriformes,Troglodytidae,Campylorhynchus,Campylorhynchus brunneicapillus,,,native
2935192,2017-04-14,,216108,deedeeflower5,,2017-04-14 19:50:40 UTC,2024-08-08 21:15:06 UTC,research,,http://www.inaturalist.org/observations/2935192,https://static.inaturalist.org/photos/3363985/medium.JPG,,,,FALSE,33.809553,-118.086917,55,55,,open,FALSE,Sylvilagus audubonii,Desert Cottontail,Mammalia,43115,Animalia,Chordata,Mammalia,Lagomorpha,Leporidae,Sylvilagus,Sylvilagus audubonii,,,native
2935263,2017-04-14,,216108,deedeeflower5,,2017-04-14 19:56:03 UTC,2016-11-08 08:10:46 UTC,research,,http://www.inaturalist.org/observations/2935263,https://static.inaturalist.org/photos/3364068/medium.JPG,,,,FALSE,33.809553,-118.086917,55,55,,open,FALSE,Sceloporus occidentalis,Western Fence Lizard,Reptilia,36204,Animalia,Chordata,Reptilia,Squamata,Phrynosomatidae,Sceloporus,Sceloporus occidentalis,,,native
2935267,2017-04-14,,216108,deedeeflower5,,2017-04-14 19:56:58 UTC,2018-08-13 15:09:14 UTC,research,,http://www.inaturalist.org/observations/2935267,https://static.inaturalist.org/photos/3364072/medium.JPG,,,,FALSE,33.809553,-118.086917,55,55,,,FALSE,Sciurus niger,Eastern Fox Squirrel,Mammalia,46020,Animalia,Chordata,Mammalia,Rodentia,Sciuridae,Sciurus,Sciurus niger,,,introduced
2935272,2017-04-14,,216108,deedeeflower5,,2017-04-14 19:57:56 UTC,2021-11-06 03:45:33 UTC,research,,http://www.inaturalist.org/observations/2935272,https://static.inaturalist.org/photos/3364084/medium.JPG,,,,FALSE,33.809553,-118.086917,55,55,,open,FALSE,Danaus plexippus,Monarch,Insecta,48662,Animalia,Arthropoda,Insecta,Lepidoptera,Nymphalidae,Danaus,Danaus plexippus,,TRUE,native
2935316,2017-04-14,,216108,deedeeflower5,,2017-04-14 20:03:45 UTC,2016-04-21 22:38:28 UTC,research,,http://www.inaturalist.org/observations/2935316,https://static.inaturalist.org/photos/3364149/medium.JPG,,,,FALSE,33.812823,-118.084483,27,27,,open,FALSE,Branta canadensis,Canada Goose,Aves,7089,Animalia,Chordata,Aves,Anseriformes,Anatidae,Branta,Branta canadensis,,,native
2935320,2017-04-14,,216108,deedeeflower5,,2017-04-14 20:04:29 UTC,2016-04-19 19:39:40 UTC,research,,http://www.inaturalist.org/observations/2935320,https://static.inaturalist.org/photos/3364157/medium.jpg,,,,FALSE,33.812823,-118.084483,27,27,,,FALSE,Anas platyrhynchos,Mallard,Aves,6930,Animalia,Chordata,Aves,Anseriformes,Anatidae,Anas,Anas platyrhynchos,,,native
2935325,2017-04-14,,216108,deedeeflower5,,2017-04-14 20:06:26 UTC,2023-04-21 00:54:13 UTC,research,,http://www.inaturalist.org/observations/2935325,https://static.inaturalist.org/photos/3364171/medium.JPG,,,,FALSE,33.812823,-118.084483,27,27,,,FALSE,Anas platyrhynchos domesticus,Domestic Mallard,Aves,236935,Animalia,Chordata,Aves,Anseriformes,Anatidae,Anas,Anas platyrhynchos,,,introduced
2935420,2017-04-14,,216108,deedeeflower5,,2017-04-14 20:22:49 UTC,2016-04-19 19:38:51 UTC,research,,http://www.inaturalist.org/observations/2935420,https://static.inaturalist.org/photos/3364321/medium.jpg,,,,FALSE,33.902132,-118.116637,27,27,,open,FALSE,Sceloporus occidentalis,Western Fence Lizard,Reptilia,36204,Animalia,Chordata,Reptilia,Squamata,Phrynosomatidae,Sceloporus,Sceloporus occidentalis,,,native
2935473,2017-04-14,2017-04-14 20:03:13 UTC,216797,shelley7,Shelley Luce,2017-04-14 20:32:00 UTC,2018-12-07 15:30:34 UTC,needs_id,,http://www.inaturalist.org/observations/2935473,https://static.inaturalist.org/photos/3364387/medium.jpg,,,,FALSE,34.0399021352,-118.3399070061,1190,28874,obscured,,TRUE,Lucilia,Greenbottle Flies,Insecta,61858,Animalia,Arthropoda,Insecta,Diptera,Calliphoridae,Lucilia,,,,
2935556,2017-04-14,2017-04-14 20:46:09 UTC,216756,yajaira,Yajaira Sandino,2017-04-14 20:48:06 UTC,2021-11-06 03:45:44 UTC,research,,http://www.inaturalist.org/observations/2935556,https://static.inaturalist.org/photos/3364504/medium.jpg,,,,FALSE,33.9456487439,-118.1874086335,344,344,,open,FALSE,Danaus plexippus,Monarch,Insecta,48662,Animalia,Arthropoda,Insecta,Lepidoptera,Nymphalidae,Danaus,Danaus plexippus,,TRUE,native
2935570,2017-04-14,2017-04-14 20:49:13 UTC,216756,yajaira,Yajaira Sandino,2017-04-14 20:50:31 UTC,2018-08-13 15:09:13 UTC,research,,http://www.inaturalist.org/observations/2935570,https://static.inaturalist.org/photos/3364546/medium.jpg,,,,FALSE,33.9473809463,-118.1841651723,344,344,,,FALSE,Sciurus niger,Eastern Fox Squirrel,Mammalia,46020,Animalia,Chordata,Mammalia,Rodentia,Sciuridae,Sciurus,Sciurus niger,,,introduced
2935611,2017-04-14,2017-04-14 20:57:29 UTC,180653,dnetburn,,2017-04-14 20:57:49 UTC,2020-10-14 18:54:39 UTC,casual,CC-BY-NC,http://www.inaturalist.org/observations/2935611,https://inaturalist-open-data.s3.amazonaws.com/photos/3364592/medium.jpg,,,,TRUE,34.0515879169,-118.2454522235,5,5,,,FALSE,Aeonium,tree houseleeks,Plantae,67718,Plantae,Tracheophyta,Magnoliopsida,Saxifragales,Crassulaceae,Aeonium,,,,
2935617,2017-04-14,2017-04-14 20:58:06 UTC,180653,dnetburn,,2017-04-14 20:58:17 UTC,2018-01-13 02:09:37 UTC,casual,CC-BY-NC,http://www.inaturalist.org/observations/2935617,https://inaturalist-open-data.s3.amazonaws.com/photos/3364597/medium.jpg,,,,TRUE,34.0519508533,-118.2454290894,10,10,,,FALSE,Plantae,plants,Plantae,47126,Plantae,,,,,,,,,native
2935624,2017-04-14,2017-04-14 20:58:36 UTC,180653,dnetburn,,2017-04-14 20:59:51 UTC,2018-01-13 02:09:37 UTC,casual,CC-BY-NC,http://www.inaturalist.org/observations/2935624,https://inaturalist-open-data.s3.amazonaws.com/photos/3364605/medium.jpg,,,,TRUE,34.051685608,-118.24541769,5,5,,,FALSE,Platanus × hispanica,London Plane,Plantae,552449,Plantae,Tracheophyta,Magnoliopsida,Proteales,Platanaceae,Platanus,,,,introduced
2935626,2017-04-14,2017-04-14 21:00:01 UTC,180653,dnetburn,,2017-04-14 21:00:09 UTC,2020-10-14 18:54:49 UTC,casual,CC-BY-NC,http://www.inaturalist.org/observations/2935626,https://inaturalist-open-data.s3.amazonaws.com/photos/3364606/medium.jpg,,,,TRUE,34.0516812494,-118.2454126609,50,50,,,FALSE,Sedum × rubrotinctum,Christmas-cheer,Plantae,276077,Plantae,Tracheophyta,Magnoliopsida,Saxifragales,Crassulaceae,Sedum,,,,
2935628,2017-04-14,2017-04-14 21:00:31 UTC,180653,dnetburn,,2017-04-14 21:00:40 UTC,2024-10-07 21:59:53 UTC,research,CC-BY-NC,http://www.inaturalist.org/observations/2935628,https://inaturalist-open-data.s3.amazonaws.com/photos/3364611/medium.jpg,,,,FALSE,34.0515001968,-118.2450728891,65,65,,,FALSE,Oxalis corniculata,Creeping Woodsorrel,Plantae,53168,Plantae,Tracheophyta,Magnoliopsida,Oxalidales,Oxalidaceae,Oxalis,Oxalis corniculata,,,introduced
2935637,2017-04-14,2017-04-14 21:01:54 UTC,180653,dnetburn,,2017-04-14 21:02:03 UTC,2023-06-15 02:26:41 UTC,casual,CC-BY-NC,http://www.inaturalist.org/observations/2935637,https://inaturalist-open-data.s3.amazonaws.com/photos/3364628/medium.jpg,,,,TRUE,34.051490368,-118.2445764268,65,65,,,FALSE,Agave,century plants,Plantae,50822,Plantae,Tracheophyta,Liliopsida,Asparagales,Asparagaceae,Agave,,,,native
2935641,2017-04-14,2017-04-14 21:02:24 UTC,180653,dnetburn,,2017-04-14 21:02:32 UTC,2019-12-14 15:22:45 UTC,casual,CC-BY-NC,http://www.inaturalist.org/observations/2935641,https://inaturalist-open-data.s3.amazonaws.com/photos/3364633/medium.jpg,,,,TRUE,34.0513134515,-118.244465422,5,5,,,FALSE,Dietes,Fortnight Lilies,Plantae,125854,Plantae,Tracheophyta,Liliopsida,Asparagales,Iridaceae,Dietes,,,,
2935682,2017-04-14,2017-04-14 21:04:00 UTC,180653,dnetburn,,2017-04-14 21:04:10 UTC,2023-10-25 16:39:35 UTC,casual,CC-BY-NC,http://www.inaturalist.org/observations/2935682,https://inaturalist-open-data.s3.amazonaws.com/photos/3364653/medium.jpg,,,,TRUE,34.051215509,-118.2441696246,30,30,,,FALSE,Ficus pumila,Climbing fig,Plantae,162972,Plantae,Tracheophyta,Magnoliopsida,Rosales,Moraceae,Ficus,Ficus pumila,,,introduced
2935688,2017-04-14,,21786,natureinla,NHMLA Community Science Program,2017-04-14 21:05:00 UTC,2018-01-13 19:55:22 UTC,research,CC-BY-NC,http://www.inaturalist.org/observations/2935688,https://inaturalist-open-data.s3.amazonaws.com/photos/3364662/medium.PNG,,"instagram, social media","""Two tiny turtles on a teddy bear in Echo Park Lake""

-kulabird1

Observation and photo was submitted by kulabird1 via Instagram #natureinla",FALSE,34.072873,-118.260519,300,300,,open,FALSE,Trachemys scripta elegans,Red-eared Slider,Reptilia,51271,Animalia,Chordata,Reptilia,Testudines,Emydidae,Trachemys,Trachemys scripta,Trachemys scripta elegans,,introduced
2935692,2017-04-14,2017-04-14 21:05:08 UTC,180653,dnetburn,,2017-04-14 21:05:26 UTC,2024-10-07 21:59:53 UTC,research,CC-BY-NC,http://www.inaturalist.org/observations/2935692,https://inaturalist-open-data.s3.amazonaws.com/photos/3364669/medium.jpg,,,,FALSE,34.050701866,-118.2438981348,50,50,,,FALSE,Oxalis corniculata,Creeping Woodsorrel,Plantae,53168,Plantae,Tracheophyta,Magnoliopsida,Oxalidales,Oxalidaceae,Oxalis,Oxalis corniculata,,,introduced
2935697,2017-04-14,2017-04-14 21:05:48 UTC,180653,dnetburn,,2017-04-14 21:05:56 UTC,2018-01-13 02:09:39 UTC,casual,CC-BY-NC,http://www.inaturalist.org/observations/2935697,https://inaturalist-open-data.s3.amazonaws.com/photos/3364674/medium.jpg,,,,TRUE,34.0509139538,-118.2441032614,65,65,,,FALSE,Washingtonia,Fan Palms,Plantae,50185,Plantae,Tracheophyta,Liliopsida,Arecales,Arecaceae,Washingtonia,,,,
2935700,2017-04-14,2017-04-14 21:06:11 UTC,180653,dnetburn,,2017-04-14 21:06:21 UTC,2021-02-16 06:36:50 UTC,research,CC-BY-NC,http://www.inaturalist.org/observations/2935700,https://inaturalist-open-data.s3.amazonaws.com/photos/3364684/medium.jpg,,,,FALSE,34.0506273685,-118.2439435909,65,65,,,FALSE,Cotula australis,Common Cotula,Plantae,53025,Plantae,Tracheophyta,Magnoliopsida,Asterales,Asteraceae,Cotula,Cotula australis,,,introduced
2935720,2017-04-14,,216827,jafuentes,,2017-04-14 21:08:07 UTC,2016-10-02 02:38:41 UTC,needs_id,CC-BY-NC,http://www.inaturalist.org/observations/2935720,https://inaturalist-open-data.s3.amazonaws.com/photos/3364711/medium.JPG,,,,FALSE,33.956922,-118.160114,8,8,,,FALSE,Dermaptera,Earwigs,Insecta,47793,Animalia,Arthropoda,Insecta,Dermaptera,,,,,,
2935723,2017-04-14,2017-04-14 21:04:15 UTC,80445,cdegroof,Chris DeGroof,2017-04-14 21:08:51 UTC,2023-03-10 17:45:49 UTC,needs_id,,http://www.inaturalist.org/observations/2935723,https://static.inaturalist.org/photos/3364723/medium.jpg,,,4 photos,FALSE,34.1550333333,-118.8087166667,,,,,FALSE,Agaricales,Common Gilled Mushrooms and Allies,Fungi,47167,Fungi,Basidiomycota,Agaricomycetes,Agaricales,,,,,,
2935724,2017-04-14,,21786,natureinla,NHMLA Community Science Program,2017-04-14 21:09:08 UTC,2021-11-06 03:45:51 UTC,research,CC-BY-NC,http://www.inaturalist.org/observations/2935724,https://inaturalist-open-data.s3.amazonaws.com/photos/3364717/medium.PNG,,"instagram, social media","""Monarch butterfly a few hours old""

-dstcyryn

Observation and photo was submitted @dstcyryn via Instagram #natureinla
",FALSE,33.96168,-118.353131,4701,4701,,open,FALSE,Danaus plexippus,Monarch,Insecta,48662,Animalia,Arthropoda,Insecta,Lepidoptera,Nymphalidae,Danaus,Danaus plexippus,,TRUE,native
2935748,2017-04-14,2017-04-14 21:01:29 UTC,80445,cdegroof,Chris DeGroof,2017-04-14 21:11:11 UTC,2017-04-12 18:06:10 UTC,research,,http://www.inaturalist.org/observations/2935748,https://static.inaturalist.org/photos/3364749/medium.JPG,,,,FALSE,34.1548222222,-118.8071138889,,,,open,FALSE,Sceloporus occidentalis,Western Fence Lizard,Reptilia,36204,Animalia,Chordata,Reptilia,Squamata,Phrynosomatidae,Sceloporus,Sceloporus occidentalis,,,native
2935757,2017-04-14,2017-04-14 21:00:02 UTC,80445,cdegroof,Chris DeGroof,2017-04-14 21:11:53 UTC,2021-12-26 06:58:00 UTC,research,,http://www.inaturalist.org/observations/2935757,https://static.inaturalist.org/photos/3364762/medium.JPG,,,,FALSE,34.1554666667,-118.8067333333,,,,,FALSE,Cornu aspersum,Garden Snail,Mollusca,480298,Animalia,Mollusca,Gastropoda,Stylommatophora,Helicidae,Cornu,Cornu aspersum,,,introduced
2935768,2017-04-14,,216827,jafuentes,,2017-04-14 21:13:10 UTC,2016-04-15 16:52:33 UTC,research,CC-BY-NC,http://www.inaturalist.org/observations/2935768,https://inaturalist-open-data.s3.amazonaws.com/photos/3364774/medium.JPG,,,,FALSE,33.956922,-118.160114,8,8,,,FALSE,Armadillidium vulgare,Common Pill Woodlouse,Animalia,56083,Animalia,Arthropoda,Malacostraca,Isopoda,Armadillidiidae,Armadillidium,Armadillidium vulgare,,,introduced
2935782,2017-04-14,,21786,natureinla,NHMLA Community Science Program,2017-04-14 21:16:26 UTC,2024-09-13 21:43:05 UTC,research,CC-BY-NC,http://www.inaturalist.org/observations/2935782,https://inaturalist-open-data.s3.amazonaws.com/photos/3364798/medium.PNG,,"instagram, social media","""Just past marker 2 mile.""

-sinparts

Observation and photo was submitted by @sinparts via Instagram #natureinla
",FALSE,34.217227,-118.283966,,,,open,FALSE,Pituophis catenifer annectens,San Diego Gopher Snake,Reptilia,29053,Animalia,Chordata,Reptilia,Squamata,Colubridae,Pituophis,Pituophis catenifer,Pituophis catenifer annectens,,native
2935809,2017-04-14,2017-04-14 20:23:37 UTC,183202,jmau,,2017-04-14 21:24:44 UTC,2024-05-16 23:50:02 UTC,casual,CC-BY-NC,http://www.inaturalist.org/observations/2935809,https://inaturalist-open-data.s3.amazonaws.com/photos/3364842/medium.jpg,,,,TRUE,34.1252471667,-118.1166833333,,,,,FALSE,Cedrus,Cedars,Plantae,69821,Plantae,Tracheophyta,Pinopsida,Pinales,Pinaceae,Cedrus,,,,
2935818,2017-04-14,2017-04-14 19:12:48 UTC,171443,lchroman,,2017-04-14 21:26:56 UTC,2017-04-12 18:06:11 UTC,needs_id,CC-BY-NC,http://www.inaturalist.org/observations/2935818,https://inaturalist-open-data.s3.amazonaws.com/photos/3364862/medium.jpg,,,,FALSE,34.1189305,-117.9449216667,,,,,FALSE,Pogonomyrmex,Typical American Harvester Ants,Insecta,69114,Animalia,Arthropoda,Insecta,Hymenoptera,Formicidae,Pogonomyrmex,,,,
2935821,2017-04-14,2017-04-14 19:27:59 UTC,171443,lchroman,,2017-04-14 21:27:05 UTC,2023-03-05 18:13:47 UTC,research,CC-BY-NC,http://www.inaturalist.org/observations/2935821,https://inaturalist-open-data.s3.amazonaws.com/photos/3364866/medium.jpg,,,,FALSE,34.1187083333,-117.945275,,,,,FALSE,Lysimachia arvensis,scarlet pimpernel,Plantae,791928,Plantae,Tracheophyta,Magnoliopsida,Ericales,Primulaceae,Lysimachia,Lysimachia arvensis,,,introduced
2935824,2017-04-14,2017-04-14 19:12:29 UTC,171443,lchroman,,2017-04-14 21:27:22 UTC,2018-08-21 08:12:39 UTC,research,CC-BY-NC,http://www.inaturalist.org/observations/2935824,https://inaturalist-open-data.s3.amazonaws.com/photos/3364870/medium.jpg,,,,FALSE,34.1189166667,-117.9449216667,,,,,FALSE,Amsinckia menziesii intermedia,Rancher's fiddleneck,Plantae,49141,Plantae,Tracheophyta,Magnoliopsida,Boraginales,Boraginaceae,Amsinckia,Amsinckia menziesii,,,native
2935830,2017-04-14,2017-04-14 19:34:11 UTC,171443,lchroman,,2017-04-14 21:27:33 UTC,2017-04-12 18:06:13 UTC,research,CC-BY-NC,http://www.inaturalist.org/observations/2935830,https://inaturalist-open-data.s3.amazonaws.com/photos/3364888/medium.jpg,,,,FALSE,34.1179361667,-117.945555,,,,,FALSE,Penstemon spectabilis,Showy Penstemon,Plantae,78423,Plantae,Tracheophyta,Magnoliopsida,Lamiales,Plantaginaceae,Penstemon,Penstemon spectabilis,,,native
2935871,2017-04-14,,216827,jafuentes,,2017-04-14 21:29:29 UTC,2023-09-12 03:00:08 UTC,needs_id,CC-BY-NC,http://www.inaturalist.org/observations/2935871,https://inaturalist-open-data.s3.amazonaws.com/photos/3364928/medium.JPG,,,,FALSE,33.956922,-118.160114,8,8,,,FALSE,Noctuinae,Cutworms and Dart Moths,Insecta,122224,Animalia,Arthropoda,Insecta,Lepidoptera,Noctuidae,,,,,
2935884,2017-04-14,,216827,jafuentes,,2017-04-14 21:31:22 UTC,2016-08-10 20:50:52 UTC,research,CC-BY-NC,http://www.inaturalist.org/observations/2935884,https://inaturalist-open-data.s3.amazonaws.com/photos/3364949/medium.JPG,,,,FALSE,33.956922,-118.160114,8,8,,,FALSE,Dysdera crocata,Woodlouse Spider,Arachnida,68912,Animalia,Arthropoda,Arachnida,Araneae,Dysderidae,Dysdera,Dysdera crocata,,,introduced
2935924,2017-04-14,2017-04-14 21:36:23 UTC,180653,dnetburn,,2017-04-14 21:36:35 UTC,2018-01-13 02:09:42 UTC,casual,CC-BY-NC,http://www.inaturalist.org/observations/2935924,https://inaturalist-open-data.s3.amazonaws.com/photos/3365007/medium.jpg,,,,TRUE,34.0523314889,-118.2445605561,65,65,,,FALSE,Cercis,redbuds,Plantae,48801,Plantae,Tracheophyta,Magnoliopsida,Fabales,Fabaceae,Cercis,,,,
2935929,2017-04-14,2017-04-14 21:36:43 UTC,180653,dnetburn,,2017-04-14 21:36:54 UTC,2018-01-13 02:09:42 UTC,casual,CC-BY-NC,http://www.inaturalist.org/observations/2935929,https://inaturalist-open-data.s3.amazonaws.com/photos/3365011/medium.jpg,,,,TRUE,34.0522009259,-118.244384645,91,91,,,FALSE,Cercis,redbuds,Plantae,48801,Plantae,Tracheophyta,Magnoliopsida,Fabales,Fabaceae,Cercis,,,,
2935932,2017-04-14,2017-04-14 21:37:16 UTC,180653,dnetburn,,2017-04-14 21:37:25 UTC,2018-01-13 02:09:42 UTC,casual,CC-BY-NC,http://www.inaturalist.org/observations/2935932,https://inaturalist-open-data.s3.amazonaws.com/photos/3365014/medium.jpg,,,,TRUE,34.0523080901,-118.2443567087,10,10,,,FALSE,Dianella,flax-lilies,Plantae,53691,Plantae,Tracheophyta,Liliopsida,Asparagales,Asphodelaceae,Dianella,,,,
2935965,2017-04-14,2017-04-14 19:44:30 UTC,171443,lchroman,,2017-04-14 21:41:52 UTC,2017-04-12 18:06:19 UTC,research,CC-BY-NC,http://www.inaturalist.org/observations/2935965,https://inaturalist-open-data.s3.amazonaws.com/photos/3365066/medium.jpg,,,,FALSE,34.1181416667,-117.94455,,,,open,FALSE,Sceloporus occidentalis,Western Fence Lizard,Reptilia,36204,Animalia,Chordata,Reptilia,Squamata,Phrynosomatidae,Sceloporus,Sceloporus occidentalis,,,native
2935967,2017-04-14,2017-04-14 19:27:26 UTC,171443,lchroman,,2017-04-14 21:42:03 UTC,2020-11-03 18:25:42 UTC,research,CC-BY-NC,http://www.inaturalist.org/observations/2935967,https://inaturalist-open-data.s3.amazonaws.com/photos/3365068/medium.jpg,,,,FALSE,34.1187138333,-117.9452583333,,,,,FALSE,Verbascum virgatum,Wand Mullein,Plantae,64130,Plantae,Tracheophyta,Magnoliopsida,Lamiales,Scrophulariaceae,Verbascum,Verbascum virgatum,,,introduced
2935988,2017-04-14,2017-04-14 21:20:51 UTC,81779,scubabruin,LSchare (she/her),2017-04-14 21:46:21 UTC,2024-08-30 21:28:19 UTC,needs_id,CC-BY-NC,http://www.inaturalist.org/observations/2935988,https://inaturalist-open-data.s3.amazonaws.com/photos/3365117/medium.jpg,,home observation,,FALSE,34.1096073118,-118.5914440108,5,28874,obscured,open,TRUE,Ambigolimax,Threeband Slugs,Mollusca,448395,Animalia,Mollusca,Gastropoda,Stylommatophora,Limacidae,Ambigolimax,,,,introduced
2935997,2017-04-14,2017-04-14 21:26:04 UTC,81779,scubabruin,LSchare (she/her),2017-04-14 21:47:01 UTC,2024-08-30 21:28:19 UTC,research,CC-BY-NC,http://www.inaturalist.org/observations/2935997,https://inaturalist-open-data.s3.amazonaws.com/photos/3365122/medium.jpg,,home observation,,FALSE,34.1153809062,-118.4533725304,5,28874,obscured,,TRUE,Schistocerca nitens,Gray Bird Grasshopper,Insecta,52158,Animalia,Arthropoda,Insecta,Orthoptera,Acrididae,Schistocerca,Schistocerca nitens,,,native
2935998,2017-04-14,2017-04-14 21:43:32 UTC,81779,scubabruin,LSchare (she/her),2017-04-14 21:47:35 UTC,2024-08-30 21:28:19 UTC,research,CC-BY-NC,http://www.inaturalist.org/observations/2935998,https://inaturalist-open-data.s3.amazonaws.com/photos/3365125/medium.jpg,,home observation,,FALSE,34.0525641327,-118.407234314,5,28874,obscured,,TRUE,Schistocerca nitens,Gray Bird Grasshopper,Insecta,52158,Animalia,Arthropoda,Insecta,Orthoptera,Acrididae,Schistocerca,Schistocerca nitens,,,native
2936062,2017-04-14,2017-04-14 21:54:14 UTC,81779,scubabruin,LSchare (she/her),2017-04-14 21:57:48 UTC,2024-08-30 21:28:19 UTC,research,CC-BY-NC,http://www.inaturalist.org/observations/2936062,https://inaturalist-open-data.s3.amazonaws.com/photos/3365215/medium.jpg,,home observation,I've never seen these before.  Three individuals about one foot apart resting under a plastic pool tubing,FALSE,34.1818541248,-118.5735565906,163,28874,obscured,open,TRUE,Limacus flavus,Yellow Cellar Slug,Mollusca,322417,Animalia,Mollusca,Gastropoda,Stylommatophora,Limacidae,Limacus,Limacus flavus,,,introduced
2936186,2017-04-14,2017-04-14 22:16:57 UTC,81779,scubabruin,LSchare (she/her),2017-04-14 22:18:20 UTC,2024-08-30 21:28:19 UTC,needs_id,CC-BY-NC,http://www.inaturalist.org/observations/2936186,https://inaturalist-open-data.s3.amazonaws.com/photos/3365354/medium.jpg,,home observation,,FALSE,34.1363135384,-118.4395051441,5,28874,obscured,,TRUE,Calosoma,Caterpillar-hunter Beetles,Insecta,82765,Animalia,Arthropoda,Insecta,Coleoptera,Carabidae,Calosoma,,,,
2936215,2017-04-14,2017-04-14 22:25:49 UTC,81779,scubabruin,LSchare (she/her),2017-04-14 22:26:36 UTC,2024-08-30 21:28:19 UTC,needs_id,CC-BY-NC,http://www.inaturalist.org/observations/2936215,https://inaturalist-open-data.s3.amazonaws.com/photos/3365403/medium.jpg,,home observation,,FALSE,34.0282951741,-118.4434503186,5,28874,obscured,,TRUE,Cryptops,Cave Centipedes,Animalia,171278,Animalia,Arthropoda,Chilopoda,Scolopendromorpha,Cryptopidae,Cryptops,,,,
2936227,2017-04-14,2017-04-14 19:30:12 UTC,171443,lchroman,,2017-04-14 22:30:34 UTC,2023-02-28 03:45:52 UTC,research,CC-BY-NC,http://www.inaturalist.org/observations/2936227,https://inaturalist-open-data.s3.amazonaws.com/photos/3365414/medium.jpg,,,,FALSE,34.1182528333,-117.9454633333,,,,,FALSE,Zeltnera venusta,California Centaury,Plantae,79553,Plantae,Tracheophyta,Magnoliopsida,Gentianales,Gentianaceae,Zeltnera,Zeltnera venusta,,,native
2936390,2017-04-14,2017-04-14 23:05:36 UTC,3631,ajzellmer,Amanda Zellmer,2017-04-14 23:06:59 UTC,2023-06-05 16:11:02 UTC,needs_id,CC-BY-ND,http://www.inaturalist.org/observations/2936390,https://inaturalist-open-data.s3.amazonaws.com/photos/3365619/medium.jpg,,,,FALSE,34.1108333333,-118.1903916667,,,,,FALSE,Coccinellidae,Lady Beetles,Insecta,48486,Animalia,Arthropoda,Insecta,Coleoptera,Coccinellidae,,,,,
2936398,2017-04-14,2017-04-14 20:51:07 UTC,216703,aganezer,Alyssa,2017-04-14 23:08:03 UTC,2018-08-13 15:09:11 UTC,research,CC-BY-NC,http://www.inaturalist.org/observations/2936398,https://inaturalist-open-data.s3.amazonaws.com/photos/3365635/medium.jpg,,,,FALSE,34.0266562,-118.4971165,50,50,,,FALSE,Sciurus niger,Eastern Fox Squirrel,Mammalia,46020,Animalia,Chordata,Mammalia,Rodentia,Sciuridae,Sciurus,Sciurus niger,,,introduced
2936538,2017-04-14,2017-04-14 23:37:10 UTC,114350,krisk,,2017-04-14 23:39:27 UTC,2020-03-16 05:17:40 UTC,research,CC-BY-NC,http://www.inaturalist.org/observations/2936538,https://inaturalist-open-data.s3.amazonaws.com/photos/3365875/medium.jpeg,,,"Simply walking down suburban street, as they do.",FALSE,34.1434822083,-118.0892791748,,,,open,FALSE,Pavo cristatus,Indian Peafowl,Aves,1204,Animalia,Chordata,Aves,Galliformes,Phasianidae,Pavo,Pavo cristatus,,,introduced
2936665,2017-04-14,2016-04-15 00:03:12 UTC,216096,surya_poonam,Surya and Poonam,2016-04-15 00:05:14 UTC,2022-04-02 20:45:55 UTC,casual,,http://www.inaturalist.org/observations/2936665,https://static.inaturalist.org/photos/3366075/medium.jpg,,,,TRUE,34.100712239800004,-118.2130687406,5,5,,open,FALSE,Trifolium incarnatum,crimson clover,Plantae,64268,Plantae,Tracheophyta,Magnoliopsida,Fabales,Fabaceae,Trifolium,Trifolium incarnatum,,,introduced
2936827,2017-04-14,2016-04-15 00:22:11 UTC,76855,bradrumble,,2016-04-15 00:24:51 UTC,2018-01-13 19:55:31 UTC,needs_id,CC-BY-NC,http://www.inaturalist.org/observations/2936827,https://inaturalist-open-data.s3.amazonaws.com/photos/3366290/medium.jpg,,,,FALSE,34.0920684231,-118.263139263,20,20,,open,FALSE,Calypte anna,Anna's Hummingbird,Aves,6317,Animalia,Chordata,Aves,Apodiformes,Trochilidae,Calypte,Calypte anna,,,native
2936858,2017-04-14,2016-04-15 00:28:24 UTC,216960,bigpinkhair,,2016-04-15 00:28:45 UTC,2021-12-26 06:57:59 UTC,research,CC-BY-NC,http://www.inaturalist.org/observations/2936858,https://inaturalist-open-data.s3.amazonaws.com/photos/3366323/medium.jpg,,,,FALSE,34.0637026588,-118.3189413977,5,5,,,FALSE,Cornu aspersum,Garden Snail,Mollusca,480298,Animalia,Mollusca,Gastropoda,Stylommatophora,Helicidae,Cornu,Cornu aspersum,,,introduced
2936946,2017-04-14,2016-04-15 00:40:20 UTC,76855,bradrumble,,2016-04-15 00:42:45 UTC,2018-01-13 19:55:31 UTC,research,CC-BY-NC,http://www.inaturalist.org/observations/2936946,https://inaturalist-open-data.s3.amazonaws.com/photos/3366440/medium.jpg,,,,FALSE,34.1086712495,-118.25383759180001,36,36,,open,FALSE,Himantopus mexicanus,Black-necked Stilt,Aves,4836,Animalia,Chordata,Aves,Charadriiformes,Recurvirostridae,Himantopus,Himantopus mexicanus,,,native
2936970,2017-04-14,2016-04-15 00:44:09 UTC,76855,bradrumble,,2016-04-15 00:47:00 UTC,2018-01-13 19:55:32 UTC,needs_id,CC-BY-NC,http://www.inaturalist.org/observations/2936970,https://inaturalist-open-data.s3.amazonaws.com/photos/3366487/medium.jpg,,,,FALSE,34.1081339959,-118.2527444792,5,5,,open,FALSE,Ardea herodias,Great Blue Heron,Aves,4956,Animalia,Chordata,Aves,Pelecaniformes,Ardeidae,Ardea,Ardea herodias,,,native
2936971,2017-04-14,2016-04-15 00:44:38 UTC,168935,cpekarek,Christine Pekarek,2016-04-15 00:47:09 UTC,2017-04-12 18:07:05 UTC,research,CC-BY-NC,http://www.inaturalist.org/observations/2936971,https://inaturalist-open-data.s3.amazonaws.com/photos/3366490/medium.jpg,,,,FALSE,34.21122,-118.2448416667,,,,,FALSE,Armadillidium vulgare,Common Pill Woodlouse,Animalia,56083,Animalia,Arthropoda,Malacostraca,Isopoda,Armadillidiidae,Armadillidium,Armadillidium vulgare,,,introduced
2936973,2017-04-14,2016-04-15 00:44:56 UTC,211531,amanda41,Amanda Bowen,2016-04-15 00:47:34 UTC,2018-02-20 02:22:37 UTC,research,,http://www.inaturalist.org/observations/2936973,https://static.inaturalist.org/photos/3366493/medium.jpg,,,,FALSE,34.0291052812,-118.3672054569,207,207,,,FALSE,Ceratitis capitata,Mediterranean Fruit Fly,Insecta,199404,Animalia,Arthropoda,Insecta,Diptera,Tephritidae,Ceratitis,Ceratitis capitata,,,introduced
2936977,2017-04-14,,216960,bigpinkhair,,2016-04-15 00:47:54 UTC,2018-01-13 19:55:32 UTC,research,CC-BY-NC,http://www.inaturalist.org/observations/2936977,https://inaturalist-open-data.s3.amazonaws.com/photos/3366497/medium.jpg,,,Sitting on my Meyer lemon tree - on a leaf. Brown base shell about one inch to a point with lighter brown stripes about ever quarter inch.,FALSE,34.063766,-118.319063,,,,,FALSE,Cornu aspersum,Garden Snail,Mollusca,480298,Animalia,Mollusca,Gastropoda,Stylommatophora,Helicidae,Cornu,Cornu aspersum,,,introduced
2936985,2017-04-14,2016-04-15 00:50:22 UTC,76855,bradrumble,,2016-04-15 00:50:42 UTC,2024-07-23 19:55:24 UTC,casual,CC-BY-NC,http://www.inaturalist.org/observations/2936985,https://inaturalist-open-data.s3.amazonaws.com/photos/3366510/medium.jpg,,,,FALSE,34.1083332338,-118.2510102634,5,5,,open,FALSE,Actitis macularius,Spotted Sandpiper,Aves,72458,Animalia,Chordata,Aves,Charadriiformes,Scolopacidae,Actitis,Actitis macularius,,,native
2936998,2017-04-14,2016-04-15 00:52:02 UTC,76855,bradrumble,,2016-04-15 00:52:37 UTC,2023-03-01 07:45:59 UTC,needs_id,CC-BY-NC,http://www.inaturalist.org/observations/2936998,https://inaturalist-open-data.s3.amazonaws.com/photos/3366551/medium.jpg,,,,FALSE,34.1083693179,-118.2497729269,5,5,,,FALSE,Nannopterum auritum,Double-crested Cormorant,Aves,1454382,Animalia,Chordata,Aves,Suliformes,Phalacrocoracidae,Nannopterum,Nannopterum auritum,,TRUE,native
2937013,2017-04-14,2016-04-15 00:54:38 UTC,76855,bradrumble,,2016-04-15 00:55:04 UTC,2018-01-13 19:55:33 UTC,research,CC-BY-NC,http://www.inaturalist.org/observations/2937013,https://inaturalist-open-data.s3.amazonaws.com/photos/3366557/medium.jpg,,,,FALSE,34.1081305594,-118.2484762465,5,5,,open,FALSE,Bombycilla cedrorum,Cedar Waxwing,Aves,7428,Animalia,Chordata,Aves,Passeriformes,Bombycillidae,Bombycilla,Bombycilla cedrorum,,,native
2937019,2017-04-14,2016-04-15 00:55:51 UTC,76855,bradrumble,,2016-04-15 00:56:08 UTC,2023-03-01 07:45:59 UTC,research,CC-BY-NC,http://www.inaturalist.org/observations/2937019,https://inaturalist-open-data.s3.amazonaws.com/photos/3366564/medium.jpg,,,,FALSE,34.1080539907,-118.248038795,5,5,,,FALSE,Nannopterum auritum,Double-crested Cormorant,Aves,1454382,Animalia,Chordata,Aves,Suliformes,Phalacrocoracidae,Nannopterum,Nannopterum auritum,,TRUE,native
2937021,2017-04-14,2016-04-15 00:55:26 UTC,216096,surya_poonam,Surya and Poonam,2016-04-15 00:56:29 UTC,2018-11-14 22:43:01 UTC,casual,,http://www.inaturalist.org/observations/2937021,https://static.inaturalist.org/photos/3366594/medium.jpg,,,,TRUE,34.1007833183,-118.2128955704,5,5,,,FALSE,Asclepias curassavica,tropical milkweed,Plantae,75602,Plantae,Tracheophyta,Magnoliopsida,Gentianales,Apocynaceae,Asclepias,Asclepias curassavica,,,introduced
2937025,2017-04-14,2016-04-15 00:56:41 UTC,10814,smartrf,"Richard Smart (he, him)",2016-04-15 00:57:10 UTC,2021-08-02 19:25:53 UTC,research,CC-BY-NC,http://www.inaturalist.org/observations/2937025,https://inaturalist-open-data.s3.amazonaws.com/photos/3366572/medium.jpg,,,,FALSE,34.0962963598,-118.3535964602,5,5,,,FALSE,Linepithema humile,Argentine Ant,Insecta,68165,Animalia,Arthropoda,Insecta,Hymenoptera,Formicidae,Linepithema,Linepithema humile,,,introduced
2937028,2017-04-14,2016-04-15 00:57:15 UTC,211531,amanda41,Amanda Bowen,2016-04-15 00:57:32 UTC,2018-01-13 19:55:35 UTC,research,,http://www.inaturalist.org/observations/2937028,https://static.inaturalist.org/photos/3366578/medium.jpg,,,,FALSE,34.0291912202,-118.367165085,5,5,,,FALSE,Coccinella septempunctata,Seven-spotted Lady Beetle,Insecta,51702,Animalia,Arthropoda,Insecta,Coleoptera,Coccinellidae,Coccinella,Coccinella septempunctata,,,introduced
2937036,2017-04-14,2016-04-15 00:57:51 UTC,76855,bradrumble,,2016-04-15 00:58:27 UTC,2018-01-13 19:55:35 UTC,research,CC-BY-NC,http://www.inaturalist.org/observations/2937036,https://inaturalist-open-data.s3.amazonaws.com/photos/3366674/medium.jpg,,,,FALSE,34.1078157351,-118.247151822,5,5,,open,FALSE,Actitis macularius,Spotted Sandpiper,Aves,72458,Animalia,Chordata,Aves,Charadriiformes,Scolopacidae,Actitis,Actitis macularius,,,native
2937050,2017-04-14,2016-04-15 00:58:17 UTC,10814,smartrf,"Richard Smart (he, him)",2016-04-15 00:59:58 UTC,2018-01-13 19:55:35 UTC,needs_id,CC-BY-NC,http://www.inaturalist.org/observations/2937050,https://inaturalist-open-data.s3.amazonaws.com/photos/3366605/medium.jpg,,,Possible funnel web spider? Or sheet web?,FALSE,34.0961943521,-118.3538744879,5,5,,,FALSE,Araneae,Spiders,Arachnida,47118,Animalia,Arthropoda,Arachnida,Araneae,,,,,,
2937063,2017-04-14,2016-04-15 00:57:27 UTC,216096,surya_poonam,Surya and Poonam,2016-04-15 01:01:57 UTC,2021-11-06 03:46:02 UTC,research,,http://www.inaturalist.org/observations/2937063,https://static.inaturalist.org/photos/3366612/medium.jpg,,,,FALSE,34.1007794626,-118.2130418346,5,5,,open,FALSE,Danaus plexippus,Monarch,Insecta,48662,Animalia,Arthropoda,Insecta,Lepidoptera,Nymphalidae,Danaus,Danaus plexippus,,TRUE,native
2937073,2017-04-14,,216960,bigpinkhair,,2016-04-15 01:03:35 UTC,2021-12-26 06:57:56 UTC,casual,CC-BY-NC,http://www.inaturalist.org/observations/2937073,https://inaturalist-open-data.s3.amazonaws.com/photos/3366625/medium.jpg,,,,TRUE,34.063768,-118.319106,,,,,FALSE,Cornu aspersum,Garden Snail,Mollusca,480298,Animalia,Mollusca,Gastropoda,Stylommatophora,Helicidae,Cornu,Cornu aspersum,,,introduced
2937078,2017-04-14,2016-04-15 01:02:51 UTC,10814,smartrf,"Richard Smart (he, him)",2016-04-15 01:04:35 UTC,2020-02-06 03:58:26 UTC,needs_id,CC-BY-NC,http://www.inaturalist.org/observations/2937078,https://inaturalist-open-data.s3.amazonaws.com/photos/3366643/medium.jpg,,,"I believe this is a lacewing egg. It is on a stalk, raised above the leaf.",FALSE,34.0963095613,-118.3546405939,5,5,,,FALSE,Chrysopidae,Green Lacewings,Insecta,52425,Animalia,Arthropoda,Insecta,Neuroptera,Chrysopidae,,,,,
2937085,2017-04-14,2016-04-15 01:05:26 UTC,211531,amanda41,Amanda Bowen,2016-04-15 01:05:52 UTC,2024-05-10 00:36:28 UTC,research,,http://www.inaturalist.org/observations/2937085,https://static.inaturalist.org/photos/3366646/medium.jpg,,,,FALSE,34.0293632169,-118.3672188969,5,5,,,FALSE,Pieris rapae,Cabbage White,Insecta,55626,Animalia,Arthropoda,Insecta,Lepidoptera,Pieridae,Pieris,Pieris rapae,,,introduced
2937107,2017-04-14,2016-04-15 01:05:59 UTC,10814,smartrf,"Richard Smart (he, him)",2016-04-15 01:07:51 UTC,2018-01-13 19:55:37 UTC,research,CC-BY-NC,http://www.inaturalist.org/observations/2937107,https://inaturalist-open-data.s3.amazonaws.com/photos/3366681/medium.jpg,,,Saw two house finches. This is just one.,FALSE,34.096660805,-118.3550751117,5,5,,open,FALSE,Haemorhous mexicanus,House Finch,Aves,199840,Animalia,Chordata,Aves,Passeriformes,Fringillidae,Haemorhous,Haemorhous mexicanus,,,native
2937110,2017-04-14,2016-04-15 01:08:03 UTC,76855,bradrumble,,2016-04-15 01:08:41 UTC,2018-01-13 19:55:37 UTC,research,CC-BY-NC,http://www.inaturalist.org/observations/2937110,https://inaturalist-open-data.s3.amazonaws.com/photos/3366686/medium.jpg,,,,FALSE,34.1066857288,-118.2446737123,5,5,,,FALSE,Arundo donax,giant reed,Plantae,64017,Plantae,Tracheophyta,Liliopsida,Poales,Poaceae,Arundo,Arundo donax,,,introduced
2937114,2017-04-14,2016-04-15 01:09:02 UTC,10814,smartrf,"Richard Smart (he, him)",2016-04-15 01:09:38 UTC,2018-01-13 19:55:38 UTC,research,CC-BY-NC,http://www.inaturalist.org/observations/2937114,https://inaturalist-open-data.s3.amazonaws.com/photos/3366698/medium.jpg,,,,FALSE,34.0961024864,-118.3551826515,5,5,,,FALSE,Apis mellifera,Western Honey Bee,Insecta,47219,Animalia,Arthropoda,Insecta,Hymenoptera,Apidae,Apis,Apis mellifera,,,introduced
2937115,2017-04-14,2016-04-15 01:09:26 UTC,76855,bradrumble,,2016-04-15 01:09:48 UTC,2018-01-13 19:55:40 UTC,research,CC-BY-NC,http://www.inaturalist.org/observations/2937115,https://inaturalist-open-data.s3.amazonaws.com/photos/3366694/medium.jpg,,,,FALSE,34.1066084896,-118.2445934975,5,5,,,FALSE,Ricinus communis,castor bean,Plantae,56739,Plantae,Tracheophyta,Magnoliopsida,Malpighiales,Euphorbiaceae,Ricinus,Ricinus communis,,,introduced
2937134,2017-04-14,2016-04-15 01:12:47 UTC,10814,smartrf,"Richard Smart (he, him)",2016-04-15 01:14:47 UTC,2022-10-29 17:20:15 UTC,research,CC-BY-NC,http://www.inaturalist.org/observations/2937134,https://inaturalist-open-data.s3.amazonaws.com/photos/3366727/medium.jpg,,,Not sure what bird this is. Seems almost the size of a mourning dove. Sings a lot.,FALSE,34.0963651175,-118.3557891452,65,65,,open,FALSE,Zenaida macroura,Mourning Dove,Aves,3454,Animalia,Chordata,Aves,Columbiformes,Columbidae,Zenaida,Zenaida macroura,,,native
2937140,2017-04-14,2016-04-15 01:16:04 UTC,76855,bradrumble,,2016-04-15 01:16:32 UTC,2018-01-13 19:55:41 UTC,needs_id,CC-BY-NC,http://www.inaturalist.org/observations/2937140,https://inaturalist-open-data.s3.amazonaws.com/photos/3366745/medium.jpg,,,,FALSE,34.1080003465,-118.2477357053,5,5,,open,FALSE,Podilymbus podiceps,Pied-billed Grebe,Aves,4246,Animalia,Chordata,Aves,Podicipediformes,Podicipedidae,Podilymbus,Podilymbus podiceps,,,native
2937145,2017-04-14,2016-04-15 01:16:41 UTC,10814,smartrf,"Richard Smart (he, him)",2016-04-15 01:17:13 UTC,2018-01-13 19:55:41 UTC,research,CC-BY-NC,http://www.inaturalist.org/observations/2937145,https://inaturalist-open-data.s3.amazonaws.com/photos/3366753/medium.jpg,,,,FALSE,34.0965651255,-118.3559622524,5,5,,open,FALSE,Mimus polyglottos,Northern Mockingbird,Aves,14886,Animalia,Chordata,Aves,Passeriformes,Mimidae,Mimus,Mimus polyglottos,,,native
2937148,2017-04-14,2016-04-15 01:17:15 UTC,76855,bradrumble,,2016-04-15 01:17:31 UTC,2018-01-13 19:55:41 UTC,research,CC-BY-NC,http://www.inaturalist.org/observations/2937148,https://inaturalist-open-data.s3.amazonaws.com/photos/3366754/medium.jpg,,,,FALSE,34.1080651386,-118.2479822171,5,5,,open,FALSE,Fulica americana,American Coot,Aves,473,Animalia,Chordata,Aves,Gruiformes,Rallidae,Fulica,Fulica americana,,,native
2937161,2017-04-14,2016-04-15 01:18:14 UTC,10814,smartrf,"Richard Smart (he, him)",2016-04-15 01:19:44 UTC,2022-12-19 03:06:12 UTC,casual,CC-BY-NC,http://www.inaturalist.org/observations/2937161,https://inaturalist-open-data.s3.amazonaws.com/photos/3366781/medium.jpg,,,"Pretty sure it is an Allen's Hummingbird, but hard to be sure with the light I had.",FALSE,34.0960766701,-118.355949428,5,5,,,FALSE,Trochilidae,Hummingbirds,Aves,5562,Animalia,Chordata,Aves,Apodiformes,Trochilidae,,,,,
2937202,2017-04-14,2016-04-15 01:26:05 UTC,76855,bradrumble,,2016-04-15 01:26:26 UTC,2018-01-13 19:55:42 UTC,needs_id,CC-BY-NC,http://www.inaturalist.org/observations/2937202,https://inaturalist-open-data.s3.amazonaws.com/photos/3366829/medium.jpg,,,,FALSE,34.1079838341,-118.2529903204,5,5,,open,FALSE,Haemorhous mexicanus,House Finch,Aves,199840,Animalia,Chordata,Aves,Passeriformes,Fringillidae,Haemorhous,Haemorhous mexicanus,,,native
2937223,2017-04-14,2016-04-15 01:29:08 UTC,76855,bradrumble,,2016-04-15 01:29:22 UTC,2024-11-16 02:50:53 UTC,needs_id,CC-BY-NC,http://www.inaturalist.org/observations/2937223,https://inaturalist-open-data.s3.amazonaws.com/photos/3366853/medium.jpg,,,,FALSE,34.1080789687,-118.2544059401,5,5,,open,FALSE,Stelgidopteryx serripennis,Northern Rough-winged Swallow,Aves,11970,Animalia,Chordata,Aves,Passeriformes,Hirundinidae,Stelgidopteryx,Stelgidopteryx serripennis,,,native
2937228,2017-04-14,2016-04-15 01:28:42 UTC,10814,smartrf,"Richard Smart (he, him)",2016-04-15 01:30:01 UTC,2018-02-25 18:16:25 UTC,research,CC-BY-NC,http://www.inaturalist.org/observations/2937228,https://inaturalist-open-data.s3.amazonaws.com/photos/3366861/medium.jpg,,,,FALSE,34.0945563605,-118.3537263797,5,5,,,FALSE,Scudderia mexicana,Mexican Bush Katydid,Insecta,153211,Animalia,Arthropoda,Insecta,Orthoptera,Tettigoniidae,Scudderia,Scudderia mexicana,,,
2937231,2017-04-14,2016-04-15 01:29:55 UTC,76855,bradrumble,,2016-04-15 01:30:32 UTC,2018-01-13 19:55:43 UTC,research,CC-BY-NC,http://www.inaturalist.org/observations/2937231,https://inaturalist-open-data.s3.amazonaws.com/photos/3366863/medium.jpg,,,,FALSE,34.1080484167,-118.2544009947,5,5,,,FALSE,Anas platyrhynchos platyrhynchos,Holarctic Mallard,Aves,468039,Animalia,Chordata,Aves,Anseriformes,Anatidae,Anas,Anas platyrhynchos,Anas platyrhynchos platyrhynchos,,
2937240,2017-04-14,2016-04-15 01:31:57 UTC,10814,smartrf,"Richard Smart (he, him)",2016-04-15 01:33:01 UTC,2020-06-01 01:42:58 UTC,needs_id,CC-BY-NC,http://www.inaturalist.org/observations/2937240,https://inaturalist-open-data.s3.amazonaws.com/photos/3366878/medium.jpg,,,,FALSE,34.0945259761,-118.3536457458,5,5,,,FALSE,Lepidoptera,Butterflies and Moths,Insecta,47157,Animalia,Arthropoda,Insecta,Lepidoptera,,,,,,
2937253,2017-04-14,2016-04-15 01:34:55 UTC,76855,bradrumble,,2016-04-15 01:35:21 UTC,2021-08-16 23:01:43 UTC,research,CC-BY-NC,http://www.inaturalist.org/observations/2937253,https://inaturalist-open-data.s3.amazonaws.com/photos/3366890/medium.jpg,,,,FALSE,34.1082479479,-118.2565589157,5,5,,open,FALSE,Calypte anna,Anna's Hummingbird,Aves,6317,Animalia,Chordata,Aves,Apodiformes,Trochilidae,Calypte,Calypte anna,,,native
2937256,2017-04-14,2016-04-15 01:34:50 UTC,10814,smartrf,"Richard Smart (he, him)",2016-04-15 01:36:22 UTC,2019-12-29 21:08:54 UTC,research,CC-BY-NC,http://www.inaturalist.org/observations/2937256,https://inaturalist-open-data.s3.amazonaws.com/photos/3366897/medium.jpg,,,I think this adult emerged from that pupae,FALSE,34.0944881738,-118.3534842265,5,5,,,FALSE,Harmonia axyridis,Asian Lady Beetle,Insecta,48484,Animalia,Arthropoda,Insecta,Coleoptera,Coccinellidae,Harmonia,Harmonia axyridis,,,introduced
2937260,2017-04-14,2016-04-15 01:19:00 UTC,216550,redabbott,David J Barton,2016-04-15 01:37:30 UTC,2024-10-28 08:22:51 UTC,research,CC-BY-NC,http://www.inaturalist.org/observations/2937260,https://inaturalist-open-data.s3.amazonaws.com/photos/3366902/medium.JPG,,,Immature.  Seen 6:15 p.m.,FALSE,34.1386775955,-118.4607440794,1416,1416,,,FALSE,Astur cooperii,Cooper's Hawk,Aves,1579017,Animalia,Chordata,Aves,Accipitriformes,Accipitridae,Astur,Astur cooperii,,,native
2937267,2017-04-14,2016-04-15 01:37:46 UTC,10814,smartrf,"Richard Smart (he, him)",2016-04-15 01:38:16 UTC,2018-01-13 19:55:44 UTC,needs_id,CC-BY-NC,http://www.inaturalist.org/observations/2937267,https://inaturalist-open-data.s3.amazonaws.com/photos/3366911/medium.jpg,,,,FALSE,34.0945460089,-118.3533147444,5,5,,,FALSE,Aphrophoridae,True Spittlebugs,Insecta,56195,Animalia,Arthropoda,Insecta,Hemiptera,Aphrophoridae,,,,,
2937275,2017-04-14,2016-04-15 01:14:00 UTC,216550,redabbott,David J Barton,2016-04-15 01:40:33 UTC,2018-01-13 19:55:45 UTC,research,CC-BY-NC,http://www.inaturalist.org/observations/2937275,https://inaturalist-open-data.s3.amazonaws.com/photos/3366929/medium.JPG,,,,FALSE,34.1386775955,-118.4607440794,1416,1416,,open,FALSE,Melospiza melodia,Song Sparrow,Aves,9100,Animalia,Chordata,Aves,Passeriformes,Passerellidae,Melospiza,Melospiza melodia,,,native
2937289,2017-04-14,2016-04-15 01:08:00 UTC,216550,redabbott,David J Barton,2016-04-15 01:43:40 UTC,2023-05-11 05:04:25 UTC,needs_id,CC-BY-NC,http://www.inaturalist.org/observations/2937289,https://inaturalist-open-data.s3.amazonaws.com/photos/3366967/medium.JPG,,,,FALSE,34.1386775955,-118.4607440794,1416,1416,,open,FALSE,Selasphorus,"Rufous, Allen's, and Allied Hummingbirds",Aves,6358,Animalia,Chordata,Aves,Apodiformes,Trochilidae,Selasphorus,,,,
2937324,2017-04-14,2016-04-15 01:50:12 UTC,10814,smartrf,"Richard Smart (he, him)",2016-04-15 01:51:49 UTC,2020-02-19 03:27:50 UTC,needs_id,CC-BY-NC,http://www.inaturalist.org/observations/2937324,https://inaturalist-open-data.s3.amazonaws.com/photos/3367038/medium.jpg,,,,FALSE,34.0923384799,-118.351840199,65,65,,,FALSE,Hymenoptera,"Ants, Bees, Wasps, and Sawflies",Insecta,47201,Animalia,Arthropoda,Insecta,Hymenoptera,,,,,,
2937413,2017-04-14,2016-04-15 02:03:14 UTC,216883,justo-g,,2016-04-15 02:06:28 UTC,2022-02-28 07:57:10 UTC,research,CC-BY-NC,http://www.inaturalist.org/observations/2937413,https://inaturalist-open-data.s3.amazonaws.com/photos/3367186/medium.jpg,,,,FALSE,34.2434628575,-118.3557539786,2863,2863,,,FALSE,Marah macrocarpa,Chilicothe,Plantae,77959,Plantae,Tracheophyta,Magnoliopsida,Cucurbitales,Cucurbitaceae,Marah,Marah macrocarpa,,,native
2937455,2017-04-14,2016-04-15 01:03:00 UTC,216550,redabbott,David J Barton,2016-04-15 02:15:10 UTC,2018-01-13 19:55:46 UTC,research,CC-BY-NC,http://www.inaturalist.org/observations/2937455,https://inaturalist-open-data.s3.amazonaws.com/photos/3367231/medium.JPG,,,,FALSE,34.1386775955,-118.4607440794,1416,1416,,open,FALSE,Zenaida macroura,Mourning Dove,Aves,3454,Animalia,Chordata,Aves,Columbiformes,Columbidae,Zenaida,Zenaida macroura,,,native
2937462,2017-04-14,2016-04-15 01:00:00 UTC,216550,redabbott,David J Barton,2016-04-15 02:16:34 UTC,2018-01-13 19:55:46 UTC,research,CC-BY-NC,http://www.inaturalist.org/observations/2937462,https://inaturalist-open-data.s3.amazonaws.com/photos/3367238/medium.JPG,,,,FALSE,34.1386775955,-118.4607440794,1416,1416,,open,FALSE,Thryomanes bewickii,Bewick's Wren,Aves,7576,Animalia,Chordata,Aves,Passeriformes,Troglodytidae,Thryomanes,Thryomanes bewickii,,,native
2937466,2017-04-14,2016-04-15 01:42:50 UTC,216844,karin5,Karin Steinhauer,2016-04-15 02:17:17 UTC,2018-08-24 06:13:34 UTC,needs_id,,http://www.inaturalist.org/observations/2937466,https://static.inaturalist.org/photos/3367241/medium.jpg,,,,FALSE,34.1787930871,-118.4680125817,3713,3713,,,FALSE,Scudderia,Scudder's Bush Katydids,Insecta,55958,Animalia,Arthropoda,Insecta,Orthoptera,Tettigoniidae,Scudderia,,,,
2937470,2017-04-14,2016-04-15 02:18:20 UTC,10814,smartrf,"Richard Smart (he, him)",2016-04-15 02:18:50 UTC,2018-05-28 02:00:40 UTC,needs_id,CC-BY-NC,http://www.inaturalist.org/observations/2937470,https://inaturalist-open-data.s3.amazonaws.com/photos/3367254/medium.jpg,,,,FALSE,34.0962556238,-118.3526718524,5,5,,,FALSE,Calyptratae,Calyptrate Flies,Insecta,342767,Animalia,Arthropoda,Insecta,Diptera,,,,,,
2937471,2017-04-14,2016-04-15 01:32:05 UTC,216844,karin5,Karin Steinhauer,2016-04-15 02:18:57 UTC,2023-08-25 19:12:47 UTC,research,,http://www.inaturalist.org/observations/2937471,https://static.inaturalist.org/photos/3367252/medium.jpg,,,,FALSE,34.1846831902,-118.4724270337,45,45,,open,FALSE,Dione vanillae,Gulf Fritillary,Insecta,49150,Animalia,Arthropoda,Insecta,Lepidoptera,Nymphalidae,Dione,Dione vanillae,,,native
2937477,2017-04-14,2016-04-15 01:44:39 UTC,216844,karin5,Karin Steinhauer,2016-04-15 02:19:34 UTC,2019-03-21 04:23:35 UTC,needs_id,,http://www.inaturalist.org/observations/2937477,https://static.inaturalist.org/photos/3367260/medium.jpg,,,"Mantis, possibly Chinese, introduced species",FALSE,34.1846987032,-118.4723615085,65,65,,,FALSE,Mantodea,Mantises,Insecta,48112,Animalia,Arthropoda,Insecta,Mantodea,,,,,,
2937680,2017-04-14,2016-04-15 02:48:45 UTC,217039,brendabryan,Brenda Bryan,2016-04-15 02:49:25 UTC,2017-04-12 18:07:49 UTC,casual,,http://www.inaturalist.org/observations/2937680,https://static.inaturalist.org/photos/3367597/medium.jpg,,,,TRUE,34.0194409294,-117.9869822414,5,5,,,FALSE,Rosa,roses,Plantae,53438,Plantae,Tracheophyta,Magnoliopsida,Rosales,Rosaceae,Rosa,,,,native
2937732,2017-04-14,2017-04-14 21:38:56 UTC,12809,cedric_lee,Cedric Lee,2016-04-15 02:56:31 UTC,2017-04-12 18:07:50 UTC,research,CC-BY-NC,http://www.inaturalist.org/observations/2937732,https://static.inaturalist.org/photos/3367701/medium.jpeg,,,,FALSE,34.1957303867,-118.0225520096,16,16,,,FALSE,Ricinus communis,castor bean,Plantae,56739,Plantae,Tracheophyta,Magnoliopsida,Malpighiales,Euphorbiaceae,Ricinus,Ricinus communis,,,introduced
2937733,2017-04-14,2017-04-14 21:41:25 UTC,12809,cedric_lee,Cedric Lee,2016-04-15 02:56:32 UTC,2017-04-12 18:07:50 UTC,research,CC-BY-NC,http://www.inaturalist.org/observations/2937733,https://static.inaturalist.org/photos/3367703/medium.jpeg,,,,FALSE,34.1964025998,-118.0219691342,16,16,,,FALSE,Arundo donax,giant reed,Plantae,64017,Plantae,Tracheophyta,Liliopsida,Poales,Poaceae,Arundo,Arundo donax,,,introduced
2937734,2017-04-14,2017-04-14 21:46:01 UTC,12809,cedric_lee,Cedric Lee,2016-04-15 02:56:33 UTC,2017-04-12 18:07:50 UTC,research,CC-BY-NC,http://www.inaturalist.org/observations/2937734,https://static.inaturalist.org/photos/3367704/medium.jpeg,,,,FALSE,34.1985050211,-118.0206075734,16,16,,,FALSE,Silene gallica,Small-flowered Catchfly,Plantae,53212,Plantae,Tracheophyta,Magnoliopsida,Caryophyllales,Caryophyllaceae,Silene,Silene gallica,,,introduced
2937736,2017-04-14,2017-04-14 21:47:45 UTC,12809,cedric_lee,Cedric Lee,2016-04-15 02:56:38 UTC,2020-04-24 17:55:40 UTC,research,CC-BY-NC,http://www.inaturalist.org/observations/2937736,https://static.inaturalist.org/photos/3367706/medium.jpeg,,,,FALSE,34.198498,-118.020748,27,27,,,FALSE,Lamarckia aurea,goldentop grass,Plantae,58379,Plantae,Tracheophyta,Liliopsida,Poales,Poaceae,Lamarckia,Lamarckia aurea,,,introduced
2937737,2017-04-14,2017-04-14 21:48:06 UTC,12809,cedric_lee,Cedric Lee,2016-04-15 02:56:40 UTC,2018-05-25 21:18:03 UTC,needs_id,CC-BY-NC,http://www.inaturalist.org/observations/2937737,https://static.inaturalist.org/photos/3367711/medium.jpeg,,,,FALSE,34.1988187851,-118.0208360597,12,12,,,FALSE,Hypochaeris glabra,Smooth Cat's Ear,Plantae,53103,Plantae,Tracheophyta,Magnoliopsida,Asterales,Asteraceae,Hypochaeris,Hypochaeris glabra,,,introduced
2937738,2017-04-14,2017-04-14 21:49:34 UTC,12809,cedric_lee,Cedric Lee,2016-04-15 02:56:43 UTC,2017-07-03 20:32:43 UTC,needs_id,CC-BY-NC,http://www.inaturalist.org/observations/2937738,https://static.inaturalist.org/photos/3367713/medium.jpeg,,,,FALSE,34.1987601626,-118.0208362095,32,32,,,FALSE,Solanum xanti,purple nightshade,Plantae,79146,Plantae,Tracheophyta,Magnoliopsida,Solanales,Solanaceae,Solanum,Solanum xanti,,,native
2937739,2017-04-14,2017-04-14 21:50:43 UTC,12809,cedric_lee,Cedric Lee,2016-04-15 02:56:44 UTC,2020-06-13 18:20:56 UTC,research,CC-BY-NC,http://www.inaturalist.org/observations/2937739,https://static.inaturalist.org/photos/3367714/medium.jpeg,,,,FALSE,34.1989693103,-118.0206616554,24,24,,,FALSE,Colutea arborescens,Bladder-senna,Plantae,76422,Plantae,Tracheophyta,Magnoliopsida,Fabales,Fabaceae,Colutea,Colutea arborescens,,,introduced
2937740,2017-04-14,2017-04-14 21:51:19 UTC,12809,cedric_lee,Cedric Lee,2016-04-15 02:56:45 UTC,2017-04-12 18:07:51 UTC,research,CC-BY-NC,http://www.inaturalist.org/observations/2937740,https://static.inaturalist.org/photos/3367715/medium.jpeg,,,,FALSE,34.1989927627,-118.0203045991,8,8,,,FALSE,Lathyrus vestitus,Pacific pea,Plantae,50320,Plantae,Tracheophyta,Magnoliopsida,Fabales,Fabaceae,Lathyrus,Lathyrus vestitus,,,native
2937742,2017-04-14,2017-04-14 21:51:38 UTC,12809,cedric_lee,Cedric Lee,2016-04-15 02:56:46 UTC,2024-04-22 06:34:24 UTC,needs_id,CC-BY-NC,http://www.inaturalist.org/observations/2937742,https://static.inaturalist.org/photos/3367716/medium.jpeg,,,,FALSE,34.1989297299,-118.0202346753,8,8,,,FALSE,Pseudognaphalium californicum,California cudweed,Plantae,53077,Plantae,Tracheophyta,Magnoliopsida,Asterales,Asteraceae,Pseudognaphalium,Pseudognaphalium californicum,,,native
2937743,2017-04-14,2017-04-14 21:52:06 UTC,12809,cedric_lee,Cedric Lee,2016-04-15 02:56:47 UTC,2017-04-12 18:07:52 UTC,needs_id,CC-BY-NC,http://www.inaturalist.org/observations/2937743,https://static.inaturalist.org/photos/3367717/medium.jpeg,,,,FALSE,34.1990340676,-118.0203785623,8,8,,,FALSE,Calystegia macrostegia,coast morning glory,Plantae,63047,Plantae,Tracheophyta,Magnoliopsida,Solanales,Convolvulaceae,Calystegia,Calystegia macrostegia,,,native
2937744,2017-04-14,2017-04-14 21:53:53 UTC,12809,cedric_lee,Cedric Lee,2016-04-15 02:56:49 UTC,2017-04-12 18:07:52 UTC,needs_id,CC-BY-NC,http://www.inaturalist.org/observations/2937744,https://static.inaturalist.org/photos/3367718/medium.jpeg,,,,FALSE,34.1994251586,-118.0199289823,8,8,,,FALSE,Eriophyllum confertiflorum,Golden Yarrow,Plantae,53395,Plantae,Tracheophyta,Magnoliopsida,Asterales,Asteraceae,Eriophyllum,Eriophyllum confertiflorum,,,native
2937745,2017-04-14,2017-04-14 21:54:50 UTC,12809,cedric_lee,Cedric Lee,2016-04-15 02:56:50 UTC,2017-04-12 18:07:52 UTC,research,CC-BY-NC,http://www.inaturalist.org/observations/2937745,https://static.inaturalist.org/photos/3367720/medium.jpeg,,,,FALSE,34.1994120976,-118.0198222598,8,8,,,FALSE,Claytonia perfoliata,miner's lettuce,Plantae,52994,Plantae,Tracheophyta,Magnoliopsida,Caryophyllales,Montiaceae,Claytonia,Claytonia perfoliata,,,native
2937746,2017-04-14,2017-04-14 21:55:11 UTC,12809,cedric_lee,Cedric Lee,2016-04-15 02:56:51 UTC,2017-04-12 18:07:52 UTC,research,CC-BY-NC,http://www.inaturalist.org/observations/2937746,https://static.inaturalist.org/photos/3367724/medium.jpeg,,,,FALSE,34.1994917379,-118.0194772122,8,8,,,FALSE,Keckiella cordifolia,heartleaf keckiella,Plantae,62063,Plantae,Tracheophyta,Magnoliopsida,Lamiales,Plantaginaceae,Keckiella,Keckiella cordifolia,,,native
2937747,2017-04-14,2017-04-14 21:55:34 UTC,12809,cedric_lee,Cedric Lee,2016-04-15 02:56:52 UTC,2017-04-12 18:07:53 UTC,research,CC-BY-NC,http://www.inaturalist.org/observations/2937747,https://static.inaturalist.org/photos/3367731/medium.jpeg,,,,FALSE,34.1995597506,-118.0196683103,8,8,,,FALSE,Nemophila menziesii,Menzies' baby blue eyes,Plantae,50648,Plantae,Tracheophyta,Magnoliopsida,Boraginales,Boraginaceae,Nemophila,Nemophila menziesii,,,native
2937748,2017-04-14,2017-04-14 21:56:24 UTC,12809,cedric_lee,Cedric Lee,2016-04-15 02:56:54 UTC,2024-04-11 11:50:00 UTC,research,CC-BY-NC,http://www.inaturalist.org/observations/2937748,https://static.inaturalist.org/photos/3367733/medium.jpeg,,,,FALSE,34.2001,-118.019793,54,54,,,FALSE,Asterella californica,California asterella,Plantae,53746,Plantae,Marchantiophyta,Marchantiopsida,Marchantiales,Aytoniaceae,Asterella,Asterella californica,,,
2937749,2017-04-14,2017-04-14 21:57:10 UTC,12809,cedric_lee,Cedric Lee,2016-04-15 02:56:55 UTC,2017-04-12 18:07:53 UTC,research,CC-BY-NC,http://www.inaturalist.org/observations/2937749,https://static.inaturalist.org/photos/3367734/medium.jpeg,,,,FALSE,34.1998391774,-118.0198227288,12,12,,,FALSE,Ageratina adenophora,Crofton Weed,Plantae,64114,Plantae,Tracheophyta,Magnoliopsida,Asterales,Asteraceae,Ageratina,Ageratina adenophora,,,introduced
2937751,2017-04-14,2017-04-14 21:57:27 UTC,12809,cedric_lee,Cedric Lee,2016-04-15 02:56:56 UTC,2017-04-12 18:07:53 UTC,research,CC-BY-NC,http://www.inaturalist.org/observations/2937751,https://static.inaturalist.org/photos/3367735/medium.jpeg,,,,FALSE,34.1997397568,-118.0198928004,32,32,,,FALSE,Osmorhiza brachypoda,California sweet cicely,Plantae,58793,Plantae,Tracheophyta,Magnoliopsida,Apiales,Apiaceae,Osmorhiza,Osmorhiza brachypoda,,,native
2937752,2017-04-14,2017-04-14 21:58:12 UTC,12809,cedric_lee,Cedric Lee,2016-04-15 02:56:58 UTC,2017-07-04 04:53:31 UTC,research,CC-BY-NC,http://www.inaturalist.org/observations/2937752,https://static.inaturalist.org/photos/3367737/medium.jpeg,,,,FALSE,34.199787818,-118.0197988897,8,8,,,FALSE,Nicotiana glauca,tree tobacco,Plantae,58334,Plantae,Tracheophyta,Magnoliopsida,Solanales,Solanaceae,Nicotiana,Nicotiana glauca,,,introduced
2937753,2017-04-14,2017-04-14 21:58:52 UTC,12809,cedric_lee,Cedric Lee,2016-04-15 02:56:59 UTC,2017-04-12 18:07:54 UTC,needs_id,CC-BY-NC,http://www.inaturalist.org/observations/2937753,https://static.inaturalist.org/photos/3367739/medium.jpeg,,,,FALSE,34.200065,-118.019986,54,54,,,FALSE,Polypodium californicum,California Polypody,Plantae,57216,Plantae,Tracheophyta,Polypodiopsida,Polypodiales,Polypodiaceae,Polypodium,Polypodium californicum,,,native
2937755,2017-04-14,2017-04-14 22:21:02 UTC,12809,cedric_lee,Cedric Lee,2016-04-15 02:57:02 UTC,2017-04-12 18:07:54 UTC,research,CC-BY-NC,http://www.inaturalist.org/observations/2937755,https://static.inaturalist.org/photos/3367741/medium.jpeg,,,,FALSE,34.200253,-118.019943,109,109,,,FALSE,Galium aparine,catchweed bedstraw,Plantae,53059,Plantae,Tracheophyta,Magnoliopsida,Gentianales,Rubiaceae,Galium,Galium aparine,,,
2937756,2017-04-14,2017-04-14 22:21:47 UTC,12809,cedric_lee,Cedric Lee,2016-04-15 02:57:04 UTC,2017-04-12 18:07:54 UTC,research,CC-BY-NC,http://www.inaturalist.org/observations/2937756,https://static.inaturalist.org/photos/3367747/medium.jpeg,,,,FALSE,34.200278,-118.019793,54,54,,,FALSE,Lunaria annua,Annual Honesty,Plantae,55886,Plantae,Tracheophyta,Magnoliopsida,Brassicales,Brassicaceae,Lunaria,Lunaria annua,,,introduced
2937757,2017-04-14,2017-04-14 22:22:31 UTC,12809,cedric_lee,Cedric Lee,2016-04-15 02:57:05 UTC,2017-04-12 18:07:55 UTC,research,CC-BY-NC,http://www.inaturalist.org/observations/2937757,https://static.inaturalist.org/photos/3367751/medium.jpeg,,,,FALSE,34.200278,-118.019879,54,54,,,FALSE,Nasturtium officinale,watercress,Plantae,78174,Plantae,Tracheophyta,Magnoliopsida,Brassicales,Brassicaceae,Nasturtium,Nasturtium officinale,,,
2937758,2017-04-14,2017-04-14 22:23:02 UTC,12809,cedric_lee,Cedric Lee,2016-04-15 02:57:06 UTC,2019-02-09 19:53:23 UTC,needs_id,CC-BY-NC,http://www.inaturalist.org/observations/2937758,https://static.inaturalist.org/photos/3367756/medium.jpeg,,,,FALSE,34.2002259161,-118.0195634771,64,64,,,FALSE,Ribes,currants and gooseberries,Plantae,47130,Plantae,Tracheophyta,Magnoliopsida,Saxifragales,Grossulariaceae,Ribes,,,,
2937759,2017-04-14,2017-04-14 22:24:29 UTC,12809,cedric_lee,Cedric Lee,2016-04-15 02:57:07 UTC,2017-04-12 18:07:55 UTC,research,CC-BY-NC,http://www.inaturalist.org/observations/2937759,https://static.inaturalist.org/photos/3367758/medium.jpeg,,,,FALSE,34.202312,-118.01865599999999,211,211,,,FALSE,Spartium junceum,Spanish Broom,Plantae,47406,Plantae,Tracheophyta,Magnoliopsida,Fabales,Fabaceae,Spartium,Spartium junceum,,,introduced
2937760,2017-04-14,2017-04-14 22:25:17 UTC,12809,cedric_lee,Cedric Lee,2016-04-15 02:57:09 UTC,2017-04-12 18:07:56 UTC,needs_id,CC-BY-NC,http://www.inaturalist.org/observations/2937760,https://static.inaturalist.org/photos/3367762/medium.jpeg,,,,FALSE,34.200644,-118.019214,168,168,,,FALSE,Clematis,Clematis and leatherflowers,Plantae,49877,Plantae,Tracheophyta,Magnoliopsida,Ranunculales,Ranunculaceae,Clematis,,,,
2937761,2017-04-14,2017-04-14 22:25:45 UTC,12809,cedric_lee,Cedric Lee,2016-04-15 02:57:10 UTC,2017-04-12 18:07:56 UTC,research,CC-BY-NC,http://www.inaturalist.org/observations/2937761,https://static.inaturalist.org/photos/3367764/medium.jpeg,,,,FALSE,34.20075,-118.01887,164,164,,,FALSE,Acer macrophyllum,bigleaf maple,Plantae,48227,Plantae,Tracheophyta,Magnoliopsida,Sapindales,Sapindaceae,Acer,Acer macrophyllum,,,native
2937762,2017-04-14,2017-04-14 22:26:08 UTC,12809,cedric_lee,Cedric Lee,2016-04-15 02:57:12 UTC,2017-04-12 18:07:56 UTC,research,CC-BY-NC,http://www.inaturalist.org/observations/2937762,https://static.inaturalist.org/photos/3367767/medium.jpeg,,,,FALSE,34.202134,-118.018785,243,243,,,FALSE,Rubus armeniacus,Armenian Blackberry,Plantae,61317,Plantae,Tracheophyta,Magnoliopsida,Rosales,Rosaceae,Rubus,Rubus armeniacus,,,introduced
2937763,2017-04-14,2017-04-14 22:27:45 UTC,12809,cedric_lee,Cedric Lee,2016-04-15 02:57:13 UTC,2017-04-12 18:07:56 UTC,research,CC-BY-NC,http://www.inaturalist.org/observations/2937763,https://static.inaturalist.org/photos/3367770/medium.jpeg,,,,FALSE,34.20146,-118.018527,109,109,,,FALSE,Toxicodendron diversilobum,Pacific poison oak,Plantae,51080,Plantae,Tracheophyta,Magnoliopsida,Sapindales,Anacardiaceae,Toxicodendron,Toxicodendron diversilobum,,,native
2937765,2017-04-14,2017-04-14 22:28:26 UTC,12809,cedric_lee,Cedric Lee,2016-04-15 02:57:16 UTC,2017-04-12 18:07:57 UTC,research,CC-BY-NC,http://www.inaturalist.org/observations/2937765,https://static.inaturalist.org/photos/3367773/medium.jpeg,,,,FALSE,34.2016558843,-118.0183864855,128,128,,,FALSE,Oxalis pes-caprae,Bermuda buttercup,Plantae,53169,Plantae,Tracheophyta,Magnoliopsida,Oxalidales,Oxalidaceae,Oxalis,Oxalis pes-caprae,,,introduced
